{
    "uvs": [],
    "vertices": [1,-1,-1,1,-1,1,-1,-1,1,-1,-1,-1,1,1,-1,0.999999,1,1,-1,1,1,-1,1,-1],
    "metadata": {
        "uvs": 0,
        "vertices": 8,
        "colors": 0,
        "type": "Geometry",
        "materials": 1,
        "generator": "io_three",
        "faces": 6,
        "version": 3,
        "normals": 8
    },
    "colors": [],
    "influencesPerVertex": 2,
    "skinIndices": [],
    "faces": [35,0,1,2,3,0,0,1,2,3,35,4,7,6,5,0,4,5,6,7,35,0,4,5,1,0,0,4,7,1,35,1,5,6,2,0,1,7,6,2,35,2,6,7,3,0,2,6,5,3,35,4,0,3,7,0,4,0,3,5],
    "materials": [{
        "depthWrite": true,
        "specularCoef": 50,
        "visible": true,
        "transparent": false,
        "blending": "NormalBlending",
        "colorAmbient": [0.64,0.64,0.64],
        "vertexColors": false,
        "DbgName": "Material",
        "colorSpecular": [0.5,0.5,0.5],
        "opacity": 1,
        "DbgIndex": 0,
        "depthTest": true,
        "wireframe": false,
        "colorEmissive": [0,0,0],
        "DbgColor": 15658734,
        "shading": "phong",
        "colorDiffuse": [0.64,0.64,0.64]
    }],
    "normals": [0.577349,-0.577349,-0.577349,0.577349,-0.577349,0.577349,-0.577349,-0.577349,0.577349,-0.577349,-0.577349,-0.577349,0.577349,0.577349,-0.577349,-0.577349,0.577349,-0.577349,-0.577349,0.577349,0.577349,0.577349,0.577349,0.577349],
    "skinWeights": [],
    "name": "CubeGeometry"
}